report_id,pattern
PL-000001,none
PL-000002,none
PL-000003,none
PL-000004,none
PL-000005,none
PL-000006,none
PL-000007,none
PL-000008,none
PL-000009,none
PL-000010,none
PL-000011,none
PL-000012,none
PL-000013,none
PL-000014,none
PL-000015,none
PL-000016,none
PL-000017,none
PL-000018,none
PL-000019,none
PL-000020,none
PL-000021,none
PL-000022,none
PL-000023,none
PL-000024,none
PL-000025,none
PL-000026,none
PL-000027,none
PL-000028,none
PL-000029,none
PL-000030,none
PL-000031,none
PL-000032,none
PL-000033,none
PL-000034,none
PL-000035,none
PL-000036,none
PL-000037,none
PL-000038,none
PL-000039,none
PL-000040,none
PL-000041,none
PL-000042,none
PL-000043,none
PL-000044,none
PL-000045,none
PL-000046,none
PL-000047,none
PL-000048,none
PL-000049,none
PL-000050,none
PL-000051,none
PL-000052,none
PL-000053,none
PL-000054,none
PL-000055,none
PL-000056,none
PL-000057,none
PL-000058,none
PL-000059,none
PL-000060,none
PL-000061,none
PL-000062,none
PL-000063,none
PL-000064,none
PL-000065,none
PL-000066,none
PL-000067,none
PL-000068,none
PL-000069,none
PL-000070,none
PL-000071,none
PL-000072,none
PL-000073,none
PL-000074,none
PL-000075,none
PL-000076,none
PL-000077,none
PL-000078,none
PL-000079,none
PL-000080,none
PL-000081,none
PL-000082,none
PL-000083,none
PL-000084,none
PL-000085,none
PL-000086,none
PL-000087,none
PL-000088,none
PL-000089,none
PL-000090,none
PL-000091,none
PL-000092,none
PL-000093,none
PL-000094,none
PL-000095,none
PL-000096,none
PL-000097,none
PL-000098,none
PL-000099,none
PL-000100,none
PL-000101,none
PL-000102,none
PL-000103,none
PL-000104,none
PL-000105,none
PL-000106,none
PL-000107,none
PL-000108,none
PL-000109,none
PL-000110,none
PL-000111,none
PL-000112,none
PL-000113,none
PL-000114,none
PL-000115,none
PL-000116,none
PL-000117,none
PL-000118,none
PL-000119,none
PL-000120,none
PL-000121,none
PL-000122,none
PL-000123,none
PL-000124,none
PL-000125,none
PL-000126,none
PL-000127,none
PL-000128,none
PL-000129,none
PL-000130,none
PL-000131,none
PL-000132,none
PL-000133,none
PL-000134,none
PL-000135,none
PL-000136,none
PL-000137,none
PL-000138,none
PL-000139,none
PL-000140,none
PL-000141,none
PL-000142,none
PL-000143,none
PL-000144,none
PL-000145,none
PL-000146,none
PL-000147,none
PL-000148,none
PL-000149,none
PL-000150,none
PL-000151,none
PL-000152,none
PL-000153,none
PL-000154,none
PL-000155,none
PL-000156,none
PL-000157,none
PL-000158,none
PL-000159,none
PL-000160,none
PL-000161,none
PL-000162,none
PL-000163,none
PL-000164,none
PL-000165,none
PL-000166,none
PL-000167,none
PL-000168,none
PL-000169,none
PL-000170,none
PL-000171,none
PL-000172,none
PL-000173,none
PL-000174,none
PL-000175,none
PL-000176,none
PL-000177,none
PL-000178,none
PL-000179,none
PL-000180,none
PL-000181,none
PL-000182,none
PL-000183,none
PL-000184,none
PL-000185,none
PL-000186,none
PL-000187,none
PL-000188,none
PL-000189,none
PL-000190,none
PL-000191,none
PL-000192,none
PL-000193,none
PL-000194,none
PL-000195,none
PL-000196,none
PL-000197,none
PL-000198,none
PL-000199,none
PL-000200,none
PL-000201,none
PL-000202,none
PL-000203,none
PL-000204,none
PL-000205,none
PL-000206,none
PL-000207,none
PL-000208,none
PL-000209,none
PL-000210,none
PL-000211,none
PL-000212,none
PL-000213,none
PL-000214,none
PL-000215,none
PL-000216,none
PL-000217,none
PL-000218,none
PL-000219,none
PL-000220,none
PL-000221,none
PL-000222,none
PL-000223,none
PL-000224,none
PL-000225,none
PL-000226,none
PL-000227,none
PL-000228,none
PL-000229,none
PL-000230,none
PL-000231,none
PL-000232,none
PL-000233,none
PL-000234,none
PL-000235,none
PL-000236,none
PL-000237,none
PL-000238,none
PL-000239,none
PL-000240,none
PL-000241,none
PL-000242,none
PL-000243,none
PL-000244,none
PL-000245,none
PL-000246,none
PL-000247,none
PL-000248,none
PL-000249,none
PL-000250,none
PL-000251,none
PL-000252,none
PL-000253,none
PL-000254,none
PL-000255,none
PL-000256,none
PL-000257,none
PL-000258,none
PL-000259,none
PL-000260,none
PL-000261,none
PL-000262,none
PL-000263,none
PL-000264,none
PL-000265,none
PL-000266,none
PL-000267,none
PL-000268,none
PL-000269,none
PL-000270,none
PL-000271,none
PL-000272,none
PL-000273,none
PL-000274,none
PL-000275,none
PL-000276,none
PL-000277,none
PL-000278,none
PL-000279,none
PL-000280,none
PL-000281,none
PL-000282,none
PL-000283,none
PL-000284,none
PL-000285,none
PL-000286,none
PL-000287,none
PL-000288,none
PL-000289,none
PL-000290,none
PL-000291,none
PL-000292,none
PL-000293,none
PL-000294,none
PL-000295,none
PL-000296,none
PL-000297,none
PL-000298,none
PL-000299,none
PL-000300,none
PL-000301,none
PL-000302,none
PL-000303,none
PL-000304,none
PL-000305,none
PL-000306,none
PL-000307,none
PL-000308,none
PL-000309,none
PL-000310,none
PL-000311,none
PL-000312,none
PL-000313,none
PL-000314,none
PL-000315,none
PL-000316,none
PL-000317,none
PL-000318,none
PL-000319,none
PL-000320,none
PL-000321,none
PL-000322,none
PL-000323,none
PL-000324,none
PL-000325,none
PL-000326,none
PL-000327,none
PL-000328,none
PL-000329,none
PL-000330,none
PL-000331,none
PL-000332,none
PL-000333,none
PL-000334,none
PL-000335,none
PL-000336,none
PL-000337,none
PL-000338,none
PL-000339,none
PL-000340,none
PL-000341,none
PL-000342,none
PL-000343,none
PL-000344,none
PL-000345,none
PL-000346,none
PL-000347,none
PL-000348,none
PL-000349,none
PL-000350,none
PL-000351,none
PL-000352,none
PL-000353,none
PL-000354,none
PL-000355,none
PL-000356,none
PL-000357,none
PL-000358,none
PL-000359,none
PL-000360,none
PL-000361,none
PL-000362,none
PL-000363,none
PL-000364,none
PL-000365,none
PL-000366,none
PL-000367,none
PL-000368,none
PL-000369,none
PL-000370,none
PL-000371,none
PL-000372,none
PL-000373,none
PL-000374,none
PL-000375,none
PL-000376,none
PL-000377,none
PL-000378,none
PL-000379,none
PL-000380,none
PL-000381,none
PL-000382,none
PL-000383,none
PL-000384,none
PL-000385,none
PL-000386,none
PL-000387,none
PL-000388,none
PL-000389,none
PL-000390,none
PL-000391,none
PL-000392,none
PL-000393,none
PL-000394,none
PL-000395,none
PL-000396,none
PL-000397,none
PL-000398,none
PL-000399,none
PL-000400,none
PL-000401,none
PL-000402,none
PL-000403,none
PL-000404,none
PL-000405,none
PL-000406,none
PL-000407,none
PL-000408,none
PL-000409,none
PL-000410,none
PL-000411,none
PL-000412,none
PL-000413,none
PL-000414,none
PL-000415,none
PL-000416,none
PL-000417,none
PL-000418,none
PL-000419,none
PL-000420,none
PL-000421,none
PL-000422,none
PL-000423,none
PL-000424,none
PL-000425,none
PL-000426,none
PL-000427,none
PL-000428,none
PL-000429,none
PL-000430,none
PL-000431,none
PL-000432,none
PL-000433,none
PL-000434,none
PL-000435,none
PL-000436,none
PL-000437,none
PL-000438,none
PL-000439,none
PL-000440,none
PL-000441,none
PL-000442,none
PL-000443,none
PL-000444,none
PL-000445,none
PL-000446,none
PL-000447,none
PL-000448,none
PL-000449,none
PL-000450,none
PL-000451,none
PL-000452,none
PL-000453,none
PL-000454,none
PL-000455,none
PL-000456,none
PL-000457,none
PL-000458,none
PL-000459,none
PL-000460,none
PL-000461,none
PL-000462,none
PL-000463,none
PL-000464,none
PL-000465,none
PL-000466,none
PL-000467,none
PL-000468,none
PL-000469,none
PL-000470,none
PL-000471,none
PL-000472,none
PL-000473,none
PL-000474,none
PL-000475,none
PL-000476,none
PL-000477,none
PL-000478,none
PL-000479,none
PL-000480,none
PL-000481,none
PL-000482,none
PL-000483,none
PL-000484,none
PL-000485,none
PL-000486,none
PL-000487,none
PL-000488,none
PL-000489,none
PL-000490,none
PL-000491,none
PL-000492,none
PL-000493,none
PL-000494,none
PL-000495,none
PL-000496,none
PL-000497,none
PL-000498,none
PL-000499,none
PL-000500,none
PL-000501,none
PL-000502,none
PL-000503,none
PL-000504,none
PL-000505,none
PL-000506,none
PL-000507,none
PL-000508,none
PL-000509,none
PL-000510,none
PL-000511,none
PL-000512,none
PL-000513,none
PL-000514,none
PL-000515,none
PL-000516,none
PL-000517,none
PL-000518,none
PL-000519,none
PL-000520,none
PL-000521,none
PL-000522,none
PL-000523,none
PL-000524,none
PL-000525,none
PL-000526,none
PL-000527,none
PL-000528,none
PL-000529,none
PL-000530,none
PL-000531,none
PL-000532,none
PL-000533,none
PL-000534,none
PL-000535,none
PL-000536,none
PL-000537,none
PL-000538,none
PL-000539,none
PL-000540,none
PL-000541,none
PL-000542,none
PL-000543,none
PL-000544,none
PL-000545,none
PL-000546,none
PL-000547,none
PL-000548,none
PL-000549,none
PL-000550,none
PL-000551,none
PL-000552,none
PL-000553,none
PL-000554,none
PL-000555,none
PL-000556,none
PL-000557,none
PL-000558,none
PL-000559,none
PL-000560,none
PL-000561,none
PL-000562,none
PL-000563,none
PL-000564,none
PL-000565,none
PL-000566,none
PL-000567,none
PL-000568,none
PL-000569,none
PL-000570,none
PL-000571,none
PL-000572,none
PL-000573,none
PL-000574,none
PL-000575,none
PL-000576,none
PL-000577,none
PL-000578,none
PL-000579,none
PL-000580,none
PL-000581,none
PL-000582,none
PL-000583,none
PL-000584,none
PL-000585,none
PL-000586,none
PL-000587,none
PL-000588,none
PL-000589,none
PL-000590,none
PL-000591,none
PL-000592,none
PL-000593,none
PL-000594,none
PL-000595,none
PL-000596,none
PL-000597,none
PL-000598,none
PL-000599,none
PL-000600,none
PL-000601,none
PL-000602,none
PL-000603,none
PL-000604,none
PL-000605,none
PL-000606,none
PL-000607,none
PL-000608,none
PL-000609,none
PL-000610,none
PL-000611,none
PL-000612,none
PL-000613,none
PL-000614,none
PL-000615,none
PL-000616,none
PL-000617,none
PL-000618,none
PL-000619,none
PL-000620,none
PL-000621,none
PL-000622,none
PL-000623,none
PL-000624,none
PL-000625,none
PL-000626,none
PL-000627,none
PL-000628,none
PL-000629,none
PL-000630,none
PL-000631,none
PL-000632,none
PL-000633,none
PL-000634,none
PL-000635,none
PL-000636,none
PL-000637,none
PL-000638,none
PL-000639,none
PL-000640,none
PL-000641,none
PL-000642,none
PL-000643,none
PL-000644,none
PL-000645,none
PL-000646,none
PL-000647,none
PL-000648,none
PL-000649,none
PL-000650,none
PL-000651,none
PL-000652,none
PL-000653,none
PL-000654,none
PL-000655,none
PL-000656,none
PL-000657,none
PL-000658,none
PL-000659,none
PL-000660,none
PL-000661,none
PL-000662,none
PL-000663,none
PL-000664,none
PL-000665,none
PL-000666,none
PL-000667,none
PL-000668,none
PL-000669,none
PL-000670,none
PL-000671,none
PL-000672,none
PL-000673,none
PL-000674,none
PL-000675,none
PL-000676,none
PL-000677,none
PL-000678,none
PL-000679,none
PL-000680,none
PL-000681,none
PL-000682,none
PL-000683,none
PL-000684,none
PL-000685,none
PL-000686,none
PL-000687,none
PL-000688,none
PL-000689,none
PL-000690,none
PL-000691,none
PL-000692,none
PL-000693,none
PL-000694,none
PL-000695,none
PL-000696,none
PL-000697,none
PL-000698,A_benefits_spike
PL-000699,none
PL-000700,none
PL-000701,A_benefits_spike
PL-000702,A_benefits_spike
PL-000703,none
PL-000704,none
PL-000705,A_benefits_spike
PL-000706,none
PL-000707,none
PL-000708,A_benefits_spike
PL-000709,none
PL-000710,none
PL-000711,none
PL-000712,none
PL-000713,none
PL-000714,none
PL-000715,none
PL-000716,A_benefits_spike
PL-000717,none
PL-000718,A_benefits_spike
PL-000719,A_benefits_spike
PL-000720,none
PL-000721,none
PL-000722,none
PL-000723,none
PL-000724,A_benefits_spike
PL-000725,none
PL-000726,A_benefits_spike
PL-000727,none
PL-000728,none
PL-000729,none
PL-000730,A_benefits_spike
PL-000731,A_benefits_spike
PL-000732,A_benefits_spike
PL-000733,A_benefits_spike
PL-000734,none
PL-000735,none
PL-000736,A_benefits_spike
PL-000737,A_benefits_spike
PL-000738,A_benefits_spike
PL-000739,A_benefits_spike
PL-000740,none
PL-000741,none
PL-000742,A_benefits_spike
PL-000743,none
PL-000744,none
PL-000745,none
PL-000746,none
PL-000747,none
PL-000748,none
PL-000749,none
PL-000750,none
PL-000751,A_benefits_spike
PL-000752,A_benefits_spike
PL-000753,A_benefits_spike
PL-000754,none
PL-000755,none
PL-000756,none
PL-000757,none
PL-000758,none
PL-000759,none
PL-000760,A_benefits_spike
PL-000761,none
PL-000762,A_benefits_spike
PL-000763,none
PL-000764,A_benefits_spike
PL-000765,none
PL-000766,none
PL-000767,A_benefits_spike
PL-000768,none
PL-000769,none
PL-000770,none
PL-000771,none
PL-000772,none
PL-000773,none
PL-000774,A_benefits_spike
PL-000775,none
PL-000776,none
PL-000777,A_benefits_spike
PL-000778,none
PL-000779,A_benefits_spike
PL-000780,A_benefits_spike
PL-000781,A_benefits_spike
PL-000782,A_benefits_spike
PL-000783,A_benefits_spike
PL-000784,none
PL-000785,A_benefits_spike
PL-000786,none
PL-000787,none
PL-000788,none
PL-000789,A_benefits_spike
PL-000790,none
PL-000791,A_benefits_spike
PL-000792,A_benefits_spike
PL-000793,none
PL-000794,none
PL-000795,none
PL-000796,A_benefits_spike
PL-000797,A_benefits_spike
PL-000798,none
PL-000799,none
PL-000800,none
PL-000801,none
PL-000802,A_benefits_spike
PL-000803,none
PL-000804,none
PL-000805,none
PL-000806,none
PL-000807,none
PL-000808,none
PL-000809,none
PL-000810,none
PL-000811,A_benefits_spike
PL-000812,none
PL-000813,none
PL-000814,none
PL-000815,none
PL-000816,none
PL-000817,A_benefits_spike
PL-000818,none
PL-000819,none
PL-000820,none
PL-000821,none
PL-000822,A_benefits_spike
PL-000823,none
PL-000824,none
PL-000825,none
PL-000826,A_benefits_spike
PL-000827,A_benefits_spike
PL-000828,A_benefits_spike
PL-000829,none
PL-000830,A_benefits_spike
PL-000831,A_benefits_spike
PL-000832,none
PL-000833,none
PL-000834,none
PL-000835,A_benefits_spike
PL-000836,none
PL-000837,none
PL-000838,none
PL-000839,none
PL-000840,none
PL-000841,none
PL-000842,none
PL-000843,none
PL-000844,A_benefits_spike
PL-000845,A_benefits_spike
PL-000846,A_benefits_spike
PL-000847,A_benefits_spike
PL-000848,A_benefits_spike
PL-000849,A_benefits_spike
PL-000850,A_benefits_spike
PL-000851,none
PL-000852,none
PL-000853,A_benefits_spike
PL-000854,A_benefits_spike
PL-000855,none
PL-000856,none
PL-000857,none
PL-000858,none
PL-000859,none
PL-000860,none
PL-000861,A_benefits_spike
PL-000862,A_benefits_spike
PL-000863,none
PL-000864,none
PL-000865,none
PL-000866,none
PL-000867,A_benefits_spike
PL-000868,A_benefits_spike
PL-000869,none
PL-000870,A_benefits_spike
PL-000871,A_benefits_spike
PL-000872,A_benefits_spike
PL-000873,none
PL-000874,none
PL-000875,none
PL-000876,none
PL-000877,none
PL-000878,A_benefits_spike
PL-000879,A_benefits_spike
PL-000880,none
PL-000881,A_benefits_spike
PL-000882,A_benefits_spike
PL-000883,none
PL-000884,A_benefits_spike
PL-000885,none
PL-000886,none
PL-000887,none
PL-000888,A_benefits_spike
PL-000889,A_benefits_spike
PL-000890,A_benefits_spike
PL-000891,none
PL-000892,none
PL-000893,none
PL-000894,none
PL-000895,A_benefits_spike
PL-000896,A_benefits_spike
PL-000897,A_benefits_spike
PL-000898,A_benefits_spike
PL-000899,A_benefits_spike
PL-000900,none
PL-000901,none
PL-000902,none
PL-000903,none
PL-000904,none
PL-000905,none
PL-000906,A_benefits_spike
PL-000907,none
PL-000908,A_benefits_spike
PL-000909,none
PL-000910,none
PL-000911,none
PL-000912,none
PL-000913,A_benefits_spike
PL-000914,A_benefits_spike
PL-000915,A_benefits_spike
PL-000916,none
PL-000917,none
PL-000918,none
PL-000919,none
PL-000920,none
PL-000921,A_benefits_spike
PL-000922,A_benefits_spike
PL-000923,none
PL-000924,none
PL-000925,none
PL-000926,none
PL-000927,none
PL-000928,none
PL-000929,none
PL-000930,A_benefits_spike
PL-000931,A_benefits_spike
PL-000932,none
PL-000933,none
PL-000934,none
PL-000935,none
PL-000936,none
PL-000937,none
PL-000938,none
PL-000939,A_benefits_spike
PL-000940,none
PL-000941,none
PL-000942,none
PL-000943,none
PL-000944,none
PL-000945,none
PL-000946,none
PL-000947,none
PL-000948,A_benefits_spike
PL-000949,none
PL-000950,A_benefits_spike
PL-000951,A_benefits_spike
PL-000952,none
PL-000953,A_benefits_spike
PL-000954,none
PL-000955,none
PL-000956,A_benefits_spike
PL-000957,A_benefits_spike
PL-000958,none
PL-000959,none
PL-000960,none
PL-000961,A_benefits_spike
PL-000962,A_benefits_spike
PL-000963,none
PL-000964,none
PL-000965,A_benefits_spike
PL-000966,none
PL-000967,none
PL-000968,none
PL-000969,none
PL-000970,none
PL-000971,none
PL-000972,none
PL-000973,none
PL-000974,none
PL-000975,none
PL-000976,none
PL-000977,none
PL-000978,none
PL-000979,none
PL-000980,none
PL-000981,none
PL-000982,none
PL-000983,none
PL-000984,none
PL-000985,none
PL-000986,none
PL-000987,none
PL-000988,none
PL-000989,none
PL-000990,none
PL-000991,none
PL-000992,none
PL-000993,none
PL-000994,none
PL-000995,none
PL-000996,none
PL-000997,none
PL-000998,none
PL-000999,none
PL-001000,none
PL-001001,none
PL-001002,none
PL-001003,none
PL-001004,none
PL-001005,none
PL-001006,none
PL-001007,none
PL-001008,none
PL-001009,none
PL-001010,none
PL-001011,none
PL-001012,none
PL-001013,none
PL-001014,none
PL-001015,none
PL-001016,none
PL-001017,none
PL-001018,none
PL-001019,none
PL-001020,none
PL-001021,none
PL-001022,none
PL-001023,none
PL-001024,none
PL-001025,none
PL-001026,none
PL-001027,none
PL-001028,none
PL-001029,none
PL-001030,none
PL-001031,none
PL-001032,none
PL-001033,none
PL-001034,none
PL-001035,none
PL-001036,none
PL-001037,none
PL-001038,none
PL-001039,none
PL-001040,none
PL-001041,none
PL-001042,none
PL-001043,none
PL-001044,none
PL-001045,none
PL-001046,none
PL-001047,none
PL-001048,none
PL-001049,none
PL-001050,none
PL-001051,none
PL-001052,none
PL-001053,none
PL-001054,none
PL-001055,none
PL-001056,none
PL-001057,none
PL-001058,none
PL-001059,none
PL-001060,none
PL-001061,none
PL-001062,none
PL-001063,none
PL-001064,none
PL-001065,none
PL-001066,none
PL-001067,none
PL-001068,none
PL-001069,none
PL-001070,none
PL-001071,none
PL-001072,none
PL-001073,none
PL-001074,none
PL-001075,none
PL-001076,none
PL-001077,none
PL-001078,none
PL-001079,none
PL-001080,none
PL-001081,none
PL-001082,none
PL-001083,none
PL-001084,none
PL-001085,none
PL-001086,none
PL-001087,none
PL-001088,none
PL-001089,none
PL-001090,none
PL-001091,none
PL-001092,none
PL-001093,none
PL-001094,none
PL-001095,none
PL-001096,none
PL-001097,none
PL-001098,none
PL-001099,none
PL-001100,none
PL-001101,none
PL-001102,none
PL-001103,none
PL-001104,none
PL-001105,none
PL-001106,none
PL-001107,none
PL-001108,none
PL-001109,none
PL-001110,none
PL-001111,none
PL-001112,none
PL-001113,none
PL-001114,none
PL-001115,none
PL-001116,none
PL-001117,none
PL-001118,none
PL-001119,none
PL-001120,none
PL-001121,none
PL-001122,none
PL-001123,none
PL-001124,none
PL-001125,none
PL-001126,none
PL-001127,none
PL-001128,none
PL-001129,none
PL-001130,none
PL-001131,none
PL-001132,none
PL-001133,none
PL-001134,none
PL-001135,none
PL-001136,none
PL-001137,none
PL-001138,none
PL-001139,none
PL-001140,none
PL-001141,none
PL-001142,none
PL-001143,none
PL-001144,none
PL-001145,none
PL-001146,none
PL-001147,none
PL-001148,none
PL-001149,none
PL-001150,none
PL-001151,none
PL-001152,none
PL-001153,none
PL-001154,none
PL-001155,none
PL-001156,none
PL-001157,none
PL-001158,none
PL-001159,none
PL-001160,none
PL-001161,none
PL-001162,none
PL-001163,none
PL-001164,none
PL-001165,none
PL-001166,none
PL-001167,none
PL-001168,none
PL-001169,none
PL-001170,none
PL-001171,none
PL-001172,none
PL-001173,none
PL-001174,none
PL-001175,none
PL-001176,none
PL-001177,B_coordinated_campaign
PL-001178,B_coordinated_campaign
PL-001179,B_coordinated_campaign
PL-001180,B_coordinated_campaign
PL-001181,B_coordinated_campaign
PL-001182,B_coordinated_campaign
PL-001183,B_coordinated_campaign
PL-001184,B_coordinated_campaign
PL-001185,none
PL-001186,B_coordinated_campaign
PL-001187,B_coordinated_campaign
PL-001188,B_coordinated_campaign
PL-001189,B_coordinated_campaign
PL-001190,none
PL-001191,B_coordinated_campaign
PL-001192,none
PL-001193,none
PL-001194,B_coordinated_campaign
PL-001195,B_coordinated_campaign
PL-001196,B_coordinated_campaign
PL-001197,B_coordinated_campaign
PL-001198,B_coordinated_campaign
PL-001199,B_coordinated_campaign
PL-001200,B_coordinated_campaign
PL-001201,B_coordinated_campaign
PL-001202,B_coordinated_campaign
PL-001203,B_coordinated_campaign
PL-001204,B_coordinated_campaign
PL-001205,B_coordinated_campaign
PL-001206,B_coordinated_campaign
PL-001207,B_coordinated_campaign
PL-001208,B_coordinated_campaign
PL-001209,B_coordinated_campaign
PL-001210,B_coordinated_campaign
PL-001211,B_coordinated_campaign
PL-001212,B_coordinated_campaign
PL-001213,B_coordinated_campaign
PL-001214,B_coordinated_campaign
PL-001215,B_coordinated_campaign
PL-001216,B_coordinated_campaign
PL-001217,B_coordinated_campaign
PL-001218,B_coordinated_campaign
PL-001219,B_coordinated_campaign
PL-001220,none
PL-001221,none
PL-001222,B_coordinated_campaign
PL-001223,B_coordinated_campaign
PL-001224,B_coordinated_campaign
PL-001225,none
PL-001226,B_coordinated_campaign
PL-001227,B_coordinated_campaign
PL-001228,B_coordinated_campaign
PL-001229,none
PL-001230,none
PL-001231,none
PL-001232,none
PL-001233,none
PL-001234,none
PL-001235,none
PL-001236,none
PL-001237,none
PL-001238,none
PL-001239,none
PL-001240,none
PL-001241,none
PL-001242,none
PL-001243,none
PL-001244,none
PL-001245,none
PL-001246,none
PL-001247,none
PL-001248,none
PL-001249,none
PL-001250,none
PL-001251,none
PL-001252,none
PL-001253,none
PL-001254,none
PL-001255,none
PL-001256,none
PL-001257,none
PL-001258,none
PL-001259,none
PL-001260,none
PL-001261,none
PL-001262,none
PL-001263,none
PL-001264,none
PL-001265,none
PL-001266,none
PL-001267,none
PL-001268,none
PL-001269,none
PL-001270,none
PL-001271,none
PL-001272,none
PL-001273,none
PL-001274,none
PL-001275,none
PL-001276,none
PL-001277,none
PL-001278,none
PL-001279,none
PL-001280,none
PL-001281,none
PL-001282,none
PL-001283,none
PL-001284,none
PL-001285,none
PL-001286,none
PL-001287,none
PL-001288,none
PL-001289,none
PL-001290,none
PL-001291,none
PL-001292,none
PL-001293,none
PL-001294,none
PL-001295,none
PL-001296,none
PL-001297,none
PL-001298,none
PL-001299,none
PL-001300,none
PL-001301,none
PL-001302,none
PL-001303,none
PL-001304,none
PL-001305,none
PL-001306,none
PL-001307,none
PL-001308,none
PL-001309,none
PL-001310,none
PL-001311,none
PL-001312,none
PL-001313,none
PL-001314,none
PL-001315,none
PL-001316,none
PL-001317,none
PL-001318,none
PL-001319,none
PL-001320,none
PL-001321,none
PL-001322,none
PL-001323,none
PL-001324,none
PL-001325,none
PL-001326,none
PL-001327,none
PL-001328,none
PL-001329,none
PL-001330,none
PL-001331,none
PL-001332,none
PL-001333,none
PL-001334,none
PL-001335,none
PL-001336,none
PL-001337,none
PL-001338,none
PL-001339,none
PL-001340,none
PL-001341,none
PL-001342,none
PL-001343,none
PL-001344,none
PL-001345,none
PL-001346,none
PL-001347,none
PL-001348,none
PL-001349,none
PL-001350,none
PL-001351,none
PL-001352,none
PL-001353,none
PL-001354,none
PL-001355,none
PL-001356,none
PL-001357,none
PL-001358,none
PL-001359,none
PL-001360,none
PL-001361,none
PL-001362,none
PL-001363,none
PL-001364,none
PL-001365,none
PL-001366,none
PL-001367,none
PL-001368,none
PL-001369,none
PL-001370,none
PL-001371,none
PL-001372,none
PL-001373,none
PL-001374,none
PL-001375,none
PL-001376,none
PL-001377,none
PL-001378,none
PL-001379,none
PL-001380,none
PL-001381,none
PL-001382,none
PL-001383,none
PL-001384,none
PL-001385,none
PL-001386,none
PL-001387,none
PL-001388,none
PL-001389,none
PL-001390,none
PL-001391,none
PL-001392,none
PL-001393,none
PL-001394,none
PL-001395,none
PL-001396,none
PL-001397,none
PL-001398,none
PL-001399,none
PL-001400,none
PL-001401,none
PL-001402,none
PL-001403,none
PL-001404,none
PL-001405,none
PL-001406,none
PL-001407,none
PL-001408,none
PL-001409,none
PL-001410,none
PL-001411,none
PL-001412,none
PL-001413,none
PL-001414,none
PL-001415,none
PL-001416,none
PL-001417,none
PL-001418,none
PL-001419,none
PL-001420,none
PL-001421,none
PL-001422,none
PL-001423,none
PL-001424,none
PL-001425,none
PL-001426,none
PL-001427,none
PL-001428,none
PL-001429,none
PL-001430,none
PL-001431,none
PL-001432,none
PL-001433,none
PL-001434,none
PL-001435,none
PL-001436,none
PL-001437,none
PL-001438,none
PL-001439,none
PL-001440,none
PL-001441,none
PL-001442,none
PL-001443,none
PL-001444,none
PL-001445,none
PL-001446,none
PL-001447,none
PL-001448,none
PL-001449,none
PL-001450,none
PL-001451,none
PL-001452,none
PL-001453,none
PL-001454,none
PL-001455,none
PL-001456,none
PL-001457,none
PL-001458,none
PL-001459,none
PL-001460,none
PL-001461,none
PL-001462,none
PL-001463,none
PL-001464,none
PL-001465,none
PL-001466,none
PL-001467,none
PL-001468,none
PL-001469,none
PL-001470,none
PL-001471,none
PL-001472,none
PL-001473,none
PL-001474,none
PL-001475,none
PL-001476,none
PL-001477,none
PL-001478,none
PL-001479,none
PL-001480,none
PL-001481,none
PL-001482,none
PL-001483,none
PL-001484,none
PL-001485,none
PL-001486,none
PL-001487,none
PL-001488,none
PL-001489,none
PL-001490,none
PL-001491,none
PL-001492,none
PL-001493,none
PL-001494,none
PL-001495,none
PL-001496,none
PL-001497,none
PL-001498,none
PL-001499,none
PL-001500,none
PL-001501,none
PL-001502,none
PL-001503,none
PL-001504,none
PL-001505,none
PL-001506,none
PL-001507,none
PL-001508,none
PL-001509,none
PL-001510,none
PL-001511,none
PL-001512,none
PL-001513,C_lure_ads
PL-001514,none
PL-001515,none
PL-001516,C_lure_ads
PL-001517,none
PL-001518,C_lure_ads
PL-001519,none
PL-001520,none
PL-001521,C_lure_ads
PL-001522,none
PL-001523,none
PL-001524,none
PL-001525,none
PL-001526,none
PL-001527,none
PL-001528,C_lure_ads
PL-001529,none
PL-001530,none
PL-001531,none
PL-001532,none
PL-001533,none
PL-001534,none
PL-001535,none
PL-001536,C_lure_ads
PL-001537,none
PL-001538,C_lure_ads
PL-001539,none
PL-001540,C_lure_ads
PL-001541,C_lure_ads
PL-001542,none
PL-001543,C_lure_ads
PL-001544,none
PL-001545,C_lure_ads
PL-001546,none
PL-001547,none
PL-001548,none
PL-001549,C_lure_ads
PL-001550,C_lure_ads
PL-001551,none
PL-001552,none
PL-001553,none
PL-001554,none
PL-001555,none
PL-001556,none
PL-001557,none
PL-001558,none
PL-001559,none
PL-001560,none
PL-001561,C_lure_ads
PL-001562,none
PL-001563,none
PL-001564,none
PL-001565,none
PL-001566,none
PL-001567,none
PL-001568,none
PL-001569,none
PL-001570,none
PL-001571,none
PL-001572,none
PL-001573,none
PL-001574,none
PL-001575,none
PL-001576,none
PL-001577,none
PL-001578,none
PL-001579,none
PL-001580,none
PL-001581,none
PL-001582,none
PL-001583,none
PL-001584,none
PL-001585,none
PL-001586,none
PL-001587,none
PL-001588,none
PL-001589,none
PL-001590,none
PL-001591,none
PL-001592,C_lure_ads
PL-001593,none
PL-001594,none
PL-001595,none
PL-001596,none
PL-001597,none
PL-001598,none
PL-001599,none
PL-001600,C_lure_ads
PL-001601,none
PL-001602,none
PL-001603,none
PL-001604,C_lure_ads
PL-001605,none
PL-001606,none
PL-001607,C_lure_ads
PL-001608,none
PL-001609,none
PL-001610,none
PL-001611,none
PL-001612,none
PL-001613,C_lure_ads
PL-001614,none
PL-001615,none
PL-001616,none
PL-001617,none
PL-001618,none
PL-001619,C_lure_ads
PL-001620,none
PL-001621,none
PL-001622,none
PL-001623,none
PL-001624,none
PL-001625,C_lure_ads
PL-001626,none
PL-001627,C_lure_ads
PL-001628,C_lure_ads
PL-001629,none
PL-001630,none
PL-001631,none
PL-001632,none
PL-001633,none
PL-001634,none
PL-001635,C_lure_ads
PL-001636,none
PL-001637,none
PL-001638,none
PL-001639,none
PL-001640,none
PL-001641,none
PL-001642,none
PL-001643,none
PL-001644,none
PL-001645,none
PL-001646,none
PL-001647,C_lure_ads
PL-001648,none
PL-001649,C_lure_ads
PL-001650,none
PL-001651,none
PL-001652,none
PL-001653,none
PL-001654,none
PL-001655,C_lure_ads
PL-001656,none
PL-001657,none
PL-001658,none
PL-001659,C_lure_ads
PL-001660,none
PL-001661,C_lure_ads
PL-001662,none
PL-001663,C_lure_ads
PL-001664,none
PL-001665,none
PL-001666,none
PL-001667,C_lure_ads
PL-001668,none
PL-001669,none
PL-001670,none
PL-001671,none
PL-001672,none
PL-001673,none
PL-001674,C_lure_ads
PL-001675,none
PL-001676,C_lure_ads
PL-001677,none
PL-001678,C_lure_ads
PL-001679,none
PL-001680,none
PL-001681,none
PL-001682,C_lure_ads
PL-001683,none
PL-001684,C_lure_ads
PL-001685,C_lure_ads
PL-001686,none
PL-001687,none
PL-001688,none
PL-001689,none
PL-001690,none
PL-001691,C_lure_ads
PL-001692,none
PL-001693,none
PL-001694,none
PL-001695,none
PL-001696,none
PL-001697,none
PL-001698,C_offline_followup
PL-001699,none
PL-001700,none
PL-001701,none
PL-001702,C_lure_ads
PL-001703,none
PL-001704,none
PL-001705,none
PL-001706,none
PL-001707,none
PL-001708,none
PL-001709,none
PL-001710,none
PL-001711,none
PL-001712,none
PL-001713,none
PL-001714,none
PL-001715,none
PL-001716,none
PL-001717,none
PL-001718,C_offline_followup
PL-001719,none
PL-001720,none
PL-001721,none
PL-001722,none
PL-001723,none
PL-001724,none
PL-001725,C_lure_ads
PL-001726,none
PL-001727,C_lure_ads
PL-001728,none
PL-001729,C_offline_followup
PL-001730,none
PL-001731,none
PL-001732,none
PL-001733,none
PL-001734,none
PL-001735,C_lure_ads
PL-001736,none
PL-001737,C_lure_ads
PL-001738,none
PL-001739,none
PL-001740,none
PL-001741,none
PL-001742,none
PL-001743,none
PL-001744,none
PL-001745,none
PL-001746,none
PL-001747,C_lure_ads
PL-001748,none
PL-001749,none
PL-001750,none
PL-001751,none
PL-001752,C_lure_ads
PL-001753,C_lure_ads
PL-001754,none
PL-001755,none
PL-001756,none
PL-001757,none
PL-001758,none
PL-001759,none
PL-001760,C_offline_followup
PL-001761,none
PL-001762,none
PL-001763,C_offline_followup
PL-001764,none
PL-001765,none
PL-001766,none
PL-001767,none
PL-001768,none
PL-001769,none
PL-001770,none
PL-001771,none
PL-001772,none
PL-001773,C_offline_followup
PL-001774,none
PL-001775,C_offline_followup
PL-001776,none
PL-001777,none
PL-001778,none
PL-001779,none
PL-001780,none
PL-001781,C_lure_ads
PL-001782,none
PL-001783,none
PL-001784,none
PL-001785,none
PL-001786,none
PL-001787,none
PL-001788,none
PL-001789,none
PL-001790,none
PL-001791,none
PL-001792,none
PL-001793,none
PL-001794,none
PL-001795,none
PL-001796,C_offline_followup
PL-001797,none
PL-001798,C_lure_ads
PL-001799,none
PL-001800,C_lure_ads
PL-001801,none
PL-001802,none
PL-001803,none
PL-001804,none
PL-001805,none
PL-001806,C_lure_ads
PL-001807,none
PL-001808,C_lure_ads
PL-001809,none
PL-001810,none
PL-001811,C_lure_ads
PL-001812,none
PL-001813,none
PL-001814,none
PL-001815,C_lure_ads
PL-001816,none
PL-001817,none
PL-001818,C_lure_ads
PL-001819,C_lure_ads
PL-001820,none
PL-001821,C_offline_followup
PL-001822,C_offline_followup
PL-001823,none
PL-001824,C_lure_ads
PL-001825,none
PL-001826,none
PL-001827,none
PL-001828,none
PL-001829,none
PL-001830,none
PL-001831,none
PL-001832,C_lure_ads
PL-001833,C_offline_followup
PL-001834,C_offline_followup
PL-001835,none
PL-001836,none
PL-001837,C_offline_followup
PL-001838,none
PL-001839,none
PL-001840,none
PL-001841,none
PL-001842,C_offline_followup
PL-001843,none
PL-001844,none
PL-001845,none
PL-001846,none
PL-001847,none
PL-001848,C_lure_ads
PL-001849,none
PL-001850,C_offline_followup
PL-001851,none
PL-001852,none
PL-001853,none
PL-001854,C_offline_followup
PL-001855,none
PL-001856,C_lure_ads
PL-001857,none
PL-001858,C_lure_ads
PL-001859,C_lure_ads
PL-001860,none
PL-001861,none
PL-001862,C_offline_followup
PL-001863,C_lure_ads
PL-001864,none
PL-001865,C_offline_followup
PL-001866,C_lure_ads
PL-001867,none
PL-001868,C_lure_ads
PL-001869,C_lure_ads
PL-001870,none
PL-001871,none
PL-001872,C_offline_followup
PL-001873,none
PL-001874,C_offline_followup
PL-001875,C_lure_ads
PL-001876,C_lure_ads
PL-001877,none
PL-001878,none
PL-001879,C_offline_followup
PL-001880,C_offline_followup
PL-001881,none
PL-001882,none
PL-001883,none
PL-001884,none
PL-001885,none
PL-001886,none
PL-001887,none
PL-001888,none
PL-001889,none
PL-001890,none
PL-001891,none
PL-001892,none
PL-001893,C_offline_followup
PL-001894,none
PL-001895,none
PL-001896,none
PL-001897,C_lure_ads
PL-001898,none
PL-001899,none
PL-001900,none
PL-001901,none
PL-001902,none
PL-001903,C_offline_followup
PL-001904,C_lure_ads
PL-001905,none
PL-001906,C_lure_ads
PL-001907,none
PL-001908,C_offline_followup
PL-001909,C_lure_ads
PL-001910,none
PL-001911,none
PL-001912,none
PL-001913,none
PL-001914,C_lure_ads
PL-001915,C_lure_ads
PL-001916,C_lure_ads
PL-001917,none
PL-001918,none
PL-001919,none
PL-001920,none
PL-001921,none
PL-001922,C_lure_ads
PL-001923,none
PL-001924,C_lure_ads
PL-001925,C_lure_ads
PL-001926,C_offline_followup
PL-001927,C_offline_followup
PL-001928,none
PL-001929,C_lure_ads
PL-001930,none
PL-001931,none
PL-001932,none
PL-001933,none
PL-001934,none
PL-001935,C_offline_followup
PL-001936,none
PL-001937,none
PL-001938,C_offline_followup
PL-001939,none
PL-001940,C_lure_ads
PL-001941,none
PL-001942,none
PL-001943,none
PL-001944,none
PL-001945,none
PL-001946,none
PL-001947,none
PL-001948,none
PL-001949,none
PL-001950,none
PL-001951,none
PL-001952,none
PL-001953,none
PL-001954,none
PL-001955,none
PL-001956,none
PL-001957,none
PL-001958,none
PL-001959,none
PL-001960,C_offline_followup
PL-001961,none
PL-001962,none
PL-001963,none
PL-001964,none
PL-001965,none
PL-001966,none
PL-001967,none
PL-001968,none
PL-001969,none
PL-001970,none
PL-001971,none
PL-001972,none
PL-001973,none
PL-001974,none
PL-001975,C_offline_followup
PL-001976,none
PL-001977,none
PL-001978,none
PL-001979,none
PL-001980,none
PL-001981,none
PL-001982,none
PL-001983,C_offline_followup
PL-001984,none
PL-001985,none
PL-001986,none
PL-001987,none
PL-001988,none
PL-001989,none
PL-001990,none
PL-001991,C_offline_followup
PL-001992,none
PL-001993,none
PL-001994,none
PL-001995,C_offline_followup
PL-001996,none
PL-001997,none
PL-001998,none
PL-001999,none
PL-002000,none
PL-002001,none
PL-002002,none
PL-002003,none
PL-002004,none
PL-002005,none
PL-002006,none
PL-002007,none
PL-002008,C_offline_followup
PL-002009,none
PL-002010,none
PL-002011,none
PL-002012,none
PL-002013,none
PL-002014,none
PL-002015,none
PL-002016,none
PL-002017,none
PL-002018,none
PL-002019,none
PL-002020,none
PL-002021,none
PL-002022,none
PL-002023,none
PL-002024,none
PL-002025,C_offline_followup
PL-002026,none
PL-002027,none
PL-002028,none
PL-002029,C_offline_followup
PL-002030,none
PL-002031,none
PL-002032,none
PL-002033,none
PL-002034,none
PL-002035,none
PL-002036,none
PL-002037,none
PL-002038,none
PL-002039,none
PL-002040,none
PL-002041,none
PL-002042,none
PL-002043,none
PL-002044,none
PL-002045,none
PL-002046,none
PL-002047,none
PL-002048,none
PL-002049,none
PL-002050,none
PL-002051,none
PL-002052,none
PL-002053,none
PL-002054,C_offline_followup
PL-002055,none
PL-002056,none
PL-002057,none
PL-002058,none
PL-002059,none
PL-002060,none
PL-002061,none
PL-002062,none
PL-002063,none
PL-002064,C_offline_followup
PL-002065,none
PL-002066,none
PL-002067,none
PL-002068,none
PL-002069,none
PL-002070,C_offline_followup
PL-002071,none
PL-002072,none
PL-002073,none
PL-002074,none
PL-002075,none
PL-002076,none
PL-002077,none
PL-002078,none
PL-002079,none
PL-002080,C_offline_followup
PL-002081,C_offline_followup
PL-002082,none
PL-002083,none
PL-002084,none
PL-002085,C_offline_followup
PL-002086,none
PL-002087,none
PL-002088,none
PL-002089,none
PL-002090,none
PL-002091,none
PL-002092,none
PL-002093,none
PL-002094,none
PL-002095,C_offline_followup
PL-002096,none
PL-002097,none
PL-002098,none
PL-002099,none
PL-002100,none
PL-002101,none
PL-002102,none
PL-002103,none
PL-002104,C_offline_followup
PL-002105,none
PL-002106,none
PL-002107,none
PL-002108,none
PL-002109,none
PL-002110,C_offline_followup
PL-002111,none
PL-002112,C_offline_followup
PL-002113,none
PL-002114,none
PL-002115,none
PL-002116,C_offline_followup
PL-002117,none
PL-002118,none
PL-002119,none
PL-002120,none
PL-002121,none
PL-002122,none
PL-002123,none
PL-002124,none
PL-002125,none
PL-002126,C_offline_followup
PL-002127,none
PL-002128,none
PL-002129,none
PL-002130,C_offline_followup
PL-002131,none
PL-002132,C_offline_followup
PL-002133,none
PL-002134,none
PL-002135,none
PL-002136,none
PL-002137,none
PL-002138,none
PL-002139,none
PL-002140,none
PL-002141,none
PL-002142,none
PL-002143,none
PL-002144,none
PL-002145,none
PL-002146,none
PL-002147,none
PL-002148,none
PL-002149,none
PL-002150,none
PL-002151,none
PL-002152,none
PL-002153,none
PL-002154,none
PL-002155,none
PL-002156,none
PL-002157,none
PL-002158,none
PL-002159,none
PL-002160,none
PL-002161,none
PL-002162,none
PL-002163,none
PL-002164,none
PL-002165,none
PL-002166,none
PL-002167,none
PL-002168,none
PL-002169,none
PL-002170,none
PL-002171,none
PL-002172,none
PL-002173,none
PL-002174,none
PL-002175,none
PL-002176,none
PL-002177,none
PL-002178,none
PL-002179,none
PL-002180,none
PL-002181,none
PL-002182,none
PL-002183,none
PL-002184,none
PL-002185,none
PL-002186,none
PL-002187,none
PL-002188,none
PL-002189,none
PL-002190,none
PL-002191,none
PL-002192,none
PL-002193,none
PL-002194,none
PL-002195,none
PL-002196,none
PL-002197,none
PL-002198,none
PL-002199,none
PL-002200,none
PL-002201,none
PL-002202,none
PL-002203,none
PL-002204,none
PL-002205,none
PL-002206,none
PL-002207,none
PL-002208,none
PL-002209,none
PL-002210,none
PL-002211,none
PL-002212,none
PL-002213,none
PL-002214,none
PL-002215,none
PL-002216,none
PL-002217,none
PL-002218,none
PL-002219,none
PL-002220,none
PL-002221,none
PL-002222,none
PL-002223,none
PL-002224,none
PL-002225,none
PL-002226,none
PL-002227,none
PL-002228,none
PL-002229,none
PL-002230,none
PL-002231,none
PL-002232,none
PL-002233,none
PL-002234,none
PL-002235,none
PL-002236,none
PL-002237,none
PL-002238,none
PL-002239,none
PL-002240,none
PL-002241,none
PL-002242,none
PL-002243,none
PL-002244,none
PL-002245,none
PL-002246,none
PL-002247,none
PL-002248,none
PL-002249,none
PL-002250,none
PL-002251,none
PL-002252,none
PL-002253,none
PL-002254,none
PL-002255,none
PL-002256,none
PL-002257,none
PL-002258,none
PL-002259,none
PL-002260,none
PL-002261,none
PL-002262,none
PL-002263,none
PL-002264,none
PL-002265,none
PL-002266,none
PL-002267,none
PL-002268,none
PL-002269,none
PL-002270,none
PL-002271,none
PL-002272,none
PL-002273,none
PL-002274,none
PL-002275,none
PL-002276,none
PL-002277,none
PL-002278,none
PL-002279,none
PL-002280,none
PL-002281,none
PL-002282,none
PL-002283,none
PL-002284,none
PL-002285,none
PL-002286,none
PL-002287,none
PL-002288,none
PL-002289,none
PL-002290,none
PL-002291,none
PL-002292,none
PL-002293,none
PL-002294,none
PL-002295,none
PL-002296,none
PL-002297,none
PL-002298,none
PL-002299,none
PL-002300,none
PL-002301,none
PL-002302,none
PL-002303,none
PL-002304,none
PL-002305,none
PL-002306,none
PL-002307,none
PL-002308,none
PL-002309,none
PL-002310,none
PL-002311,none
PL-002312,none
PL-002313,none
PL-002314,none
PL-002315,none
PL-002316,none
PL-002317,none
PL-002318,none
PL-002319,none
PL-002320,none
PL-002321,none
PL-002322,none
PL-002323,none
PL-002324,none
PL-002325,none
PL-002326,none
PL-002327,none
PL-002328,none
PL-002329,none
PL-002330,none
PL-002331,none
PL-002332,none
PL-002333,none
PL-002334,none
PL-002335,none
PL-002336,none
PL-002337,none
PL-002338,none
PL-002339,none
PL-002340,none
PL-002341,none
PL-002342,none
PL-002343,none
PL-002344,none
PL-002345,none
PL-002346,none
PL-002347,none
PL-002348,none
PL-002349,none
PL-002350,none
PL-002351,none
PL-002352,none
PL-002353,none
PL-002354,none
PL-002355,none
PL-002356,none
PL-002357,none
PL-002358,none
PL-002359,none
PL-002360,none
PL-002361,none
PL-002362,none
PL-002363,none
PL-002364,none
PL-002365,none
PL-002366,none
PL-002367,none
PL-002368,none
PL-002369,none
PL-002370,none
PL-002371,none
PL-002372,none
PL-002373,none
PL-002374,none
PL-002375,none
PL-002376,none
PL-002377,none
PL-002378,none
PL-002379,none
PL-002380,none
PL-002381,none
PL-002382,none
PL-002383,none
PL-002384,none
PL-002385,none
PL-002386,none
PL-002387,none
PL-002388,none
PL-002389,none
PL-002390,none
PL-002391,none
PL-002392,none
PL-002393,none
PL-002394,none
PL-002395,none
PL-002396,none
PL-002397,none
PL-002398,none
PL-002399,none
PL-002400,none
PL-002401,none
PL-002402,none
PL-002403,none
PL-002404,none
PL-002405,none
PL-002406,none
PL-002407,none
PL-002408,none
PL-002409,none
PL-002410,none
PL-002411,none
PL-002412,none
PL-002413,none
PL-002414,none
PL-002415,none
PL-002416,none
PL-002417,none
PL-002418,none
PL-002419,none
PL-002420,none
PL-002421,none
PL-002422,none
PL-002423,none
PL-002424,none
PL-002425,none
PL-002426,none
PL-002427,none
PL-002428,none
PL-002429,none
PL-002430,none
PL-002431,none
PL-002432,none
PL-002433,none
PL-002434,none
PL-002435,none
PL-002436,none
PL-002437,none
PL-002438,none
PL-002439,none
PL-002440,none
PL-002441,none
PL-002442,none
PL-002443,none
PL-002444,none
PL-002445,none
PL-002446,none
PL-002447,none
PL-002448,none
PL-002449,none
PL-002450,none
PL-002451,none
PL-002452,none
PL-002453,none
PL-002454,none
PL-002455,none
PL-002456,none
PL-002457,none
PL-002458,none
PL-002459,none
PL-002460,none
PL-002461,none
PL-002462,none
PL-002463,none
PL-002464,none
PL-002465,none
PL-002466,none
PL-002467,none
PL-002468,none
PL-002469,none
PL-002470,none
PL-002471,none
PL-002472,none
PL-002473,none
PL-002474,none
PL-002475,none
PL-002476,none
PL-002477,none
PL-002478,none
PL-002479,none
PL-002480,none
PL-002481,none
PL-002482,none
PL-002483,none
PL-002484,none
PL-002485,none
PL-002486,none
PL-002487,none
PL-002488,none
PL-002489,none
PL-002490,none
